<?xml version="1.0" encoding="UTF-8"?>
<project-private xmlns="http://www.netbeans.org/ns/project-private/1">
    <editor-bookmarks xmlns="http://www.netbeans.org/ns/editor-bookmarks/2" lastBookmarkId="0"/>
    <open-files xmlns="http://www.netbeans.org/ns/projectui-open-files/2">
        <group>
            <file>file:/C:/Users/McKillaGorilla/Documents/RTM/StonyBrook/Courses/CSE219/219_2016a_Spring_www/projects/hw2_solution/SimpleAppFramework/src/saf/components/AppWorkspaceComponent.java</file>
            <file>file:/C:/Users/McKillaGorilla/Documents/RTM/StonyBrook/Courses/CSE219/219_2016a_Spring_www/projects/hw2_solution/SimpleAppFramework/src/saf/ui/AppGUI.java</file>
            <file>file:/C:/Users/McKillaGorilla/Documents/RTM/StonyBrook/Courses/CSE219/219_2016a_Spring_www/projects/hw2_solution/SimpleAppFramework/src/saf/AppTemplate.java</file>
            <file>file:/C:/Users/McKillaGorilla/Documents/RTM/StonyBrook/Courses/CSE219/219_2016a_Spring_www/projects/hw2_solution/SimpleAppFramework/src/saf/controller/AppFileController.java</file>
            <file>file:/C:/Users/McKillaGorilla/Documents/RTM/StonyBrook/Courses/CSE219/219_2016a_Spring_www/projects/hw2_solution/SimpleAppFramework/src/saf/components/AppFileComponent.java</file>
            <file>file:/C:/Users/McKillaGorilla/Documents/RTM/StonyBrook/Courses/CSE219/219_2016a_Spring_www/projects/hw2_solution/SimpleAppFramework/src/saf/components/AppDataComponent.java</file>
            <file>file:/C:/Users/McKillaGorilla/Documents/RTM/StonyBrook/Courses/CSE219/219_2016a_Spring_www/projects/hw2_solution/SimpleAppFramework/src/saf/components/AppComponentsBuilder.java</file>
        </group>
    </open-files>
</project-private>
