<?xml version="1.0" encoding="UTF-8"?>
<project-private xmlns="http://www.netbeans.org/ns/project-private/1">
    <editor-bookmarks xmlns="http://www.netbeans.org/ns/editor-bookmarks/2" lastBookmarkId="0"/>
    <open-files xmlns="http://www.netbeans.org/ns/projectui-open-files/2">
        <group>
            <file>file:/C:/Users/djp217/Downloads/HW2Solution/hw2_solution/PoseMakerApp/src/jclassdesignerapp/PoseMaker.java</file>
            <file>file:/C:/Users/djp217/Downloads/HW2Solution/hw2_solution/PoseMakerApp/src/jclassdesignerapp/gui/Workspace.java</file>
            <file>file:/C:/Users/djp217/Downloads/HW2Solution/hw2_solution/PoseMakerApp/src/jclassdesignerapp/file/FileManager.java</file>
            <file>file:/C:/Users/djp217/Downloads/HW2Solution/hw2_solution/PoseMakerApp/src/jclassdesignerapp/PropertyType.java</file>
        </group>
    </open-files>
</project-private>
